Model Name,MAE,MAPE,RMSE
Average Model,12.294297831681133,1.1376925084688587,80.26181968544428
Linear Regression,64.94249660980164,0.3848640127905274,211.9884407922782
Linear Regression - Lasso,63.56491174935243,0.35701472021441893,213.65380759288203
Random Forest Regressor,67.14153583381466,0.4514861135034337,210.36019635526867
XGBoost Regressor,68.15327850160493,0.43008626504458297,218.1064663556907
